E.3.2	001	국가표준 : KSB8141-주택난방시스템의 난방 효율 측정 방법-가정용 가스보일러 유사도 : 62.2% 국가표준 : KSC9306-에어컨디셔너 유사도 : 61.1% 국가표준 : KSCIEC60335-2-61-가정용 및 이와 유사한 전기기기의 안전성 ─ 제2-61부: 축열식 실내용 난방기의 개별 요구사항 유사도 : 60.2% 국가표준 : KSB8132-2-온수를 공급하는 가정용 가스연소기기 ─ 가스소비량 70 kW 이하 및 온수저장용량 300 L 이하의 기기 ─ 2부: 에너지소비량 평가방법 유사도 : 59.7% 국가표준 : KSCIEC60335-2-40-가정용 및 이와 유사한 전기기기의 안전성 — 제2-40부: 히트펌프, 에어컨디셔너 및 제습기의 개별 요구사항 유사도 : 59.1% 국가표준 : KSC9317-전기 제습기 유사도 : 58.5% 국가표준 : KSB8910-가스 온수 보일러 전기소비량 측정 방법 유사도 : 58.3% 국가표준 : KSB8019-기름 온풍 난방기 유사도 : 57.5% 난방 기간 총 난방량 합계
E.3.2	002	유사도 : 62.2% 국가표준 : KSC9306-에어컨디셔너 유사도 : 61.1% 국가표준 : KSCIEC60335-2-61-가정용 및 이와 유사한 전기기기의 안전성 ─ 제2-61부: 축열식 실내용 난방기의 개별 요구사항 유사도 : 60.2% 국가표준 : KSB8132-2-온수를 공급하는 가정용 가스연소기기 ─ 가스소비량 70 kW 이하 및 온수저장용량 300 L 이하의 기기 ─ 2부: 에너지소비량 평가방법 유사도 : 59.7% 국가표준 : KSCIEC60335-2-40-가정용 및 이와 유사한 전기기기의 안전성 — 제2-40부: 히트펌프, 에어컨디셔너 및 제습기의 개별 요구사항 유사도 : 59.1% 국가표준 : KSC9317-전기 제습기 유사도 : 58.5% 국가표준 : KSB8910-가스 온수 보일러 전기소비량 측정 방법 유사도 : 58.3% 국가표준 : KSB8019-기름 온풍 난방기 유사도 : 57.5% 난방 기간 총 난방량 합계 (E.2.1) 난방 기간 총 난방 소비 전력량 합계
E.3.2	003	KSC9306-에어컨디셔너 유사도 : 61.1% 국가표준 : KSCIEC60335-2-61-가정용 및 이와 유사한 전기기기의 안전성 ─ 제2-61부: 축열식 실내용 난방기의 개별 요구사항 유사도 : 60.2% 국가표준 : KSB8132-2-온수를 공급하는 가정용 가스연소기기 ─ 가스소비량 70 kW 이하 및 온수저장용량 300 L 이하의 기기 ─ 2부: 에너지소비량 평가방법 유사도 : 59.7% 국가표준 : KSCIEC60335-2-40-가정용 및 이와 유사한 전기기기의 안전성 — 제2-40부: 히트펌프, 에어컨디셔너 및 제습기의 개별 요구사항 유사도 : 59.1% 국가표준 : KSC9317-전기 제습기 유사도 : 58.5% 국가표준 : KSB8910-가스 온수 보일러 전기소비량 측정 방법 유사도 : 58.3% 국가표준 : KSB8019-기름 온풍 난방기 유사도 : 57.5% 난방 기간 총 난방량 합계 (E.2.1) 난방 기간 총 난방 소비 전력량 합계 (E.2.2) 난방 기간 에너지 소비 효율
E.3.2	004	h ( t j ) ：온도 t j 에서의 건물 난방 부하 n j ：난방 기간 중 난방을 필요로 하는 각 온도의 발생 시간으로, 표 E.4에서 구한다. j ：온도 구분은 1, 2, 3,......., 31로 한다. X ( t j ) ：온도 t j 에서의 건물 부하와 난방 능력의 비
E.3.2	005	유사도 : 68.9% 국가표준 : KSCIEC60335-2-61-가정용 및 이와 유사한 전기기기의 안전성 ─ 제2-61부: 축열식 실내용 난방기의 개별 요구사항 유사도 : 67.9% 국가표준 : KSCIEC60335-2-96-가정용 및 이와 유사한 전기기기의 안전성 — 제2-96부: 방 난방용 면상발열체의 개별 요구사항 유사도 : 66.9% 국가표준 : KSB8294-물-공기 지열원 멀티형 열펌프 유닛 유사도 : 65.9% 국가표준 : KSCIEC62552-3-가정용 냉장기기 — 특성 및 시험방법 — 제3부: 에너지 소비량과 용량 유사도 : 63.9% 국가표준 : KSCIEC60531-가정용 및 이와 유사한 축열식 난방기의 성능 측정 방법 유사도 : 62.9% 국가표준 : KSFISO2103-주거용 및 공공 건축물의 사용과 점유로 인한 하중 유사도 : 62.7% 국가표준 : KSM3357-냉ㆍ온수 설비용 플라스틱 배관 시스템 — 가교화 폴리에틸렌(PE-X) 관 유사도 : 62.4% 국가표준 : KSCIEC60335-2-73-가정용 및 이와 유사한 전기기기의 안전성 ─ 제2-73부: 고정 투입식 전열기의 개별 요구사항 유사도 : 62.0%
E.3.2	006	KSCIEC60335-2-83-가정용 및 이와 유사한 전기기기의 안전성 ― 제2-83부: 지붕 배수장치에 관한 개별 요구사항 유사도 : 55.5% 국가표준 : KSCIEC60531-가정용 및 이와 유사한 축열식 난방기의 성능 측정 방법 유사도 : 55.4% 국가표준 : KSCIEC60364-7-753-저 전압 전기설비 — 제7–753부: 특수설비 또는 특수장소에 관한 요구사항 — 바닥과 천장의 난방시스템 유사도 : 55.1% 국가표준 : KSCIEC60335-2-81-가정용 및 이와 유사한 전기기기의 안전성 — 제2-81부: 발 보온기 및 발 보온 매트의 개별 요구사항 유사도 : 54.6% 국가표준 : KSCIEC60335-2-73-가정용 및 이와 유사한 전기기기의 안전성 ─ 제2-73부: 고정 투입식 전열기의 개별 요구사항 유사도 : 54.3% X ( t j )＝ BL h ( t j )/
E.3.2	007	국가표준 : KSCIEC60364-7-753-저 전압 전기설비 — 제7–753부: 특수설비 또는 특수장소에 관한 요구사항 — 바닥과 천장의 난방시스템 유사도 : 55.1% 국가표준 : KSCIEC60335-2-81-가정용 및 이와 유사한 전기기기의 안전성 — 제2-81부: 발 보온기 및 발 보온 매트의 개별 요구사항 유사도 : 54.6% 국가표준 : KSCIEC60335-2-73-가정용 및 이와 유사한 전기기기의 안전성 ─ 제2-73부: 고정 투입식 전열기의 개별 요구사항 유사도 : 54.3% X ( t j )＝ BL h ( t j )/ ( t j )(E.2.5) 다만
E.3.2	008	유사도 : 61.2% 국가표준 : KSCIEC60691-온도 퓨즈 ─ 요구사항 및 적용지침 유사도 : 61.2% 국가표준 : KSC9317-전기 제습기 유사도 : 60.9% 국가표준 : KSCIEC60730-2-15-가정용 및 이와 유사한 자동 제어 장치 — 제2-15부: 보일러용 플로트식, 전극식 수위 제어 장치의 개별 요구 사항 유사도 : 60.8% 국가표준 : KSCIEC60335-2-73-가정용 및 이와 유사한 전기기기의 안전성 ─ 제2-73부: 고정 투입식 전열기의 개별 요구사항 유사도 : 60.7% P RH ( t j )＝[ BL h ( t j )－
E.3.2	009	P RH ( t j )＝[ BL h ( t j )－ ( t j ) + P heater∙ f running ] n j (E.2.7) 다만
E.3.2.1	001	기기의 안전성 ― 제2-38부: 상업용 전기 그리들 및 그리들 그릴에 대한 개별 요구사항 유사도 : 53.3% 국가표준 : KSCIEC61300-2-48-광섬유 연결소자 및 수동 광부품의 기본 시험 및 측정절차 — 제2-48부: 온도와 습도 싸이클 시험 유사도 : 52.1% 국가표준 : KSCIEC60335-2-105-가정용 및 이와 유사한 전기기의 안전성 ― 제2-105부：다기능 샤워 캐비닛에 관한 개별 요구사항 유사도 : 52.0% 국가표준 : KSCIEC60335-2-40-가정용 및 이와 유사한 전기기기의 안전성 — 제2-40부: 히트펌프, 에어컨디셔너 및 제습기의 개별 요구사항 유사도 : 51.8% 국가표준 : KSB5235-증기압식 지시 온도계 유사도 : 51.5% 국가표준 : KSCIEC60141-1-OF 및 가스압 케이블과 그 부속품에 대한 시험 — 제1부: 500 kV 이하의 교류 전압용 OF, 종이 또는 폴리프로필렌 종이 적층 절연, 금속 시스 케이블 및 그 부속품 유사도 : 51.4% 국가표준 : KSCIEC60335-2-24-가정용 및 이와 유사한 전기기기의 안전성-제2-24부 : 전기 냉장고, 아이스크림 기기 및 제빙기의 개별 요구사항 유사도 : 51.2% 국가표준 : KSCIEC60335-2-73-가정용 및 이와 유사한 전기기기의 안전성 ─ 제2-73부: 고정 투입식 전열기의 개별 요구사항 유사도 : 51.0%
E.3.2.1	002	KSCIEC60335-2-105-가정용 및 이와 유사한 전기기의 안전성 ― 제2-105부：다기능 샤워 캐비닛에 관한 개별 요구사항 유사도 : 52.0% 국가표준 : KSCIEC60335-2-40-가정용 및 이와 유사한 전기기기의 안전성 — 제2-40부: 히트펌프, 에어컨디셔너 및 제습기의 개별 요구사항 유사도 : 51.8% 국가표준 : KSB5235-증기압식 지시 온도계 유사도 : 51.5% 국가표준 : KSCIEC60141-1-OF 및 가스압 케이블과 그 부속품에 대한 시험 — 제1부: 500 kV 이하의 교류 전압용 OF, 종이 또는 폴리프로필렌 종이 적층 절연, 금속 시스 케이블 및 그 부속품 유사도 : 51.4% 국가표준 : KSCIEC60335-2-24-가정용 및 이와 유사한 전기기기의 안전성-제2-24부 : 전기 냉장고, 아이스크림 기기 및 제빙기의 개별 요구사항 유사도 : 51.2% 국가표준 : KSCIEC60335-2-73-가정용 및 이와 유사한 전기기기의 안전성 ─ 제2-73부: 고정 투입식 전열기의 개별 요구사항 유사도 : 51.0% ( t j )＝  hr (-7.0) +
E.3.2.1	003	유사도 : 67.5% 국가표준 : KSCIEC60531-가정용 및 이와 유사한 축열식 난방기의 성능 측정 방법 유사도 : 66.6% 국가표준 : KSCIEC60335-2-40-가정용 및 이와 유사한 전기기기의 안전성 — 제2-40부: 히트펌프, 에어컨디셔너 및 제습기의 개별 요구사항 유사도 : 65.1% 국가표준 : KSCIEC60335-2-96-가정용 및 이와 유사한 전기기기의 안전성 — 제2-96부: 방 난방용 면상발열체의 개별 요구사항 유사도 : 63.3% 국가표준 : KSC9306-에어컨디셔너 유사도 : 63.3% 국가표준 : KSB8019-기름 온풍 난방기 유사도 : 62.8% 국가표준 : KSCIEC60730-2-9-자동제어장치 ― 제2-9부: 온도감지 제어장치의 개별 요구사항 유사도 : 61.4% 국가표준 : KSC9317-전기 제습기 유사도 : 61.0% 국가표준 : KSCIEC60691-온도 퓨즈 ─ 요구사항 및 적용지침 유사도 : 61.0%
E.3.2.1	004	KSCIEC60335-2-96-가정용 및 이와 유사한 전기기기의 안전성 — 제2-96부: 방 난방용 면상발열체의 개별 요구사항 유사도 : 63.3% 국가표준 : KSC9306-에어컨디셔너 유사도 : 63.3% 국가표준 : KSB8019-기름 온풍 난방기 유사도 : 62.8% 국가표준 : KSCIEC60730-2-9-자동제어장치 ― 제2-9부: 온도감지 제어장치의 개별 요구사항 유사도 : 61.4% 국가표준 : KSC9317-전기 제습기 유사도 : 61.0% 국가표준 : KSCIEC60691-온도 퓨즈 ─ 요구사항 및 적용지침 유사도 : 61.0% ( t j )＝ P h (-7.0) +
E.3.2.1	005	표준 : KSCIEC60364-7-753-저 전압 전기설비 — 제7–753부: 특수설비 또는 특수장소에 관한 요구사항 — 바닥과 천장의 난방시스템 유사도 : 53.0% 국가표준 : KSCIEC60730-2-15-가정용 및 이와 유사한 자동 제어 장치 — 제2-15부: 보일러용 플로트식, 전극식 수위 제어 장치의 개별 요구 사항 유사도 : 53.0% 국가표준 : KSC9306-에어컨디셔너 유사도 : 52.3% 국가표준 : KSCIEC60335-2-69-가정용 및 이와 유사한 전기기기의 안전성 ― 제2-69부: 파워 브러시가 부착된 공업용 및 상업용 건·습식 전기 진공 청소기의 개별 요구사항 유사도 : 51.7% 국가표준 : KSCIEC60335-2-105-가정용 및 이와 유사한 전기기의 안전성 ― 제2-105부：다기능 샤워 캐비닛에 관한 개별 요구사항 유사도 : 51.7% 국가표준 : KSCIEC60335-2-83-가정용 및 이와 유사한 전기기기의 안전성 ― 제2-83부: 지붕 배수장치에 관한 개별 요구사항 유사도 : 51.3% 국가표준 : KSCIEC60704-2-7-가정용 및 이와 유사한 전기기기의 소음 측정방법 ― 제2-7부 : 선풍기의 개별 요구사항 유사도 : 51.1% 국가표준 : KSCIEC60335-2-61-가정용 및 이와 유사한 전기기기의 안전성 ─ 제2-61부: 축열식 실내용 난방기의 개별 요구사항 유사도 : 51.0%
E.3.2.1	006	유사도 : 66.6% 국가표준 : KSCIEC60675-가정용 전기 직접 가열식 실내용 난방기 — 성능 측정 방법 유사도 : 66.2% 국가표준 : KSCIEC60335-2-40-가정용 및 이와 유사한 전기기기의 안전성 — 제2-40부: 히트펌프, 에어컨디셔너 및 제습기의 개별 요구사항 유사도 : 65.6% 국가표준 : KSC9805-가정용 축열식 전기보일러 및 저탕식 전기 온수기 유사도 : 65.0% 국가표준 : KSC9306-에어컨디셔너 유사도 : 64.8% 국가표준 : KSB8132-2-온수를 공급하는 가정용 가스연소기기 ─ 가스소비량 70 kW 이하 및 온수저장용량 300 L 이하의 기기 ─ 2부: 에너지소비량 평가방법 유사도 : 63.9% 국가표준 : KSB8141-주택난방시스템의 난방 효율 측정 방법-가정용 가스보일러 유사도 : 63.1% 국가표준 : KSCIEC60496-가정용 및 이와 유사한 전기 보온판의 성능 측정 방법 유사도 : 63.0% 국가표준 : KSCIEC60335-2-96-가정용 및 이와 유사한 전기기기의 안전성 — 제2-96부: 방 난방용 면상발열체의 개별 요구사항 유사도 : 62.7%
E.3.2.2	001	유사도 : 52.9% 국가표준 : KSCIEC60335-2-83-가정용 및 이와 유사한 전기기기의 안전성 ― 제2-83부: 지붕 배수장치에 관한 개별 요구사항 유사도 : 52.6% 국가표준 : KSCIEC60335-2-74-가정용 및 이와 유사한 전기기기의 안전성 ─ 제2-74부: 이동형 수중히터의 개별 요구사항 유사도 : 52.6% 국가표준 : KSCIEC60335-2-24-가정용 및 이와 유사한 전기기기의 안전성-제2-24부 : 전기 냉장고, 아이스크림 기기 및 제빙기의 개별 요구사항 유사도 : 52.6% 국가표준 : KSCIEC60335-2-45-가정용 및 이와 유사한 전기기기의 안전성 ─ 제2-45부: 휴대형 가열기기 및 이와 유사한 전기기기의 개별 요구사항 유사도 : 52.5% 국가표준 : KSCIEC60335-2-40-가정용 및 이와 유사한 전기기기의 안전성 — 제2-40부: 히트펌프, 에어컨디셔너 및 제습기의 개별 요구사항 유사도 : 52.2% 1) 최소 운전 능력으로 단속 운전하는 영역인 경우 [ BL h ( t j ) ≦
E.3.2.2	002	유사도 : 54.7% 국가표준 : KSCIEC60335-2-61-가정용 및 이와 유사한 전기기기의 안전성 ─ 제2-61부: 축열식 실내용 난방기의 개별 요구사항 유사도 : 52.9% 국가표준 : KSCIEC60335-2-83-가정용 및 이와 유사한 전기기기의 안전성 ― 제2-83부: 지붕 배수장치에 관한 개별 요구사항 유사도 : 52.8% 국가표준 : KSCIEC60335-2-81-가정용 및 이와 유사한 전기기기의 안전성 — 제2-81부: 발 보온기 및 발 보온 매트의 개별 요구사항 유사도 : 52.4% 국가표준 : KSM3357-냉ㆍ온수 설비용 플라스틱 배관 시스템 — 가교화 폴리에틸렌(PE-X) 관 유사도 : 52.2% 국가표준 : KSFISO2103-주거용 및 공공 건축물의 사용과 점유로 인한 하중 유사도 : 52.0% 국가표준 : KSCIEC60364-7-753-저 전압 전기설비 — 제7–753부: 특수설비 또는 특수장소에 관한 요구사항 — 바닥과 천장의 난방시스템 유사도 : 52.0% 국가표준 : KSM3414-냉ㆍ온수 설비용 플라스틱 배관 시스템 — 염소화 폴리염화비닐(PVC-C) 관 유사도 : 51.8% 국가표준 : KSCIEC60531-가정용 및 이와 유사한 축열식 난방기의 성능 측정 방법 유사도 : 50.8%
E.3.2.2	003	유사도 : 67.2% 국가표준 : KSCIEC60531-가정용 및 이와 유사한 축열식 난방기의 성능 측정 방법 유사도 : 66.3% 국가표준 : KSCIEC60335-2-61-가정용 및 이와 유사한 전기기기의 안전성 ─ 제2-61부: 축열식 실내용 난방기의 개별 요구사항 유사도 : 65.3% 국가표준 : KSCIEC60335-2-40-가정용 및 이와 유사한 전기기기의 안전성 — 제2-40부: 히트펌프, 에어컨디셔너 및 제습기의 개별 요구사항 유사도 : 64.5% 국가표준 : KSCIEC60691-온도 퓨즈 ─ 요구사항 및 적용지침 유사도 : 64.4% 국가표준 : KSC9306-에어컨디셔너 유사도 : 63.0% 국가표준 : KSCIEC60364-7-753-저 전압 전기설비 — 제7–753부: 특수설비 또는 특수장소에 관한 요구사항 — 바닥과 천장의 난방시스템 유사도 : 62.5% 국가표준 : KSB8019-기름 온풍 난방기 유사도 : 62.0% 국가표준 : KSB6410-가정용 공기열원 열펌프 보일러 유사도 : 61.9%
E.3.2.2	004	유사도 : 48.3% 국가표준 : KSCIEC60335-2-71-가정용 및 이와 유사한 전기기기의 안전성 ― 제2-71부: 동물 부화 및 사육용 전열기기의 개별 요구사항 유사도 : 48.2% 국가표준 : KSCIEC60335-2-105-가정용 및 이와 유사한 전기기의 안전성 ― 제2-105부：다기능 샤워 캐비닛에 관한 개별 요구사항 유사도 : 48.0% 국가표준 : KSIISO1999-음향 — 소음성 난청의 추정 유사도 : 47.9% 국가표준 : KSCIEC60335-2-24-가정용 및 이와 유사한 전기기기의 안전성-제2-24부 : 전기 냉장고, 아이스크림 기기 및 제빙기의 개별 요구사항 유사도 : 47.8% 국가표준 : KSCIEC60335-2-40-가정용 및 이와 유사한 전기기기의 안전성 — 제2-40부: 히트펌프, 에어컨디셔너 및 제습기의 개별 요구사항 유사도 : 47.6% 국가표준 : KSCIEC61340-5-1-정전기학 — 제5-1부: 정전기 현상으로부터 전자 장치 보호 — 일반 요구사항 유사도 : 47.6% 국가표준 : KSCIEC60335-2-69-가정용 및 이와 유사한 전기기기의 안전성 ― 제2-69부: 파워 브러시가 부착된 공업용 및 상업용 건·습식 전기 진공 청소기의 개별 요구사항 유사도 : 47.5% 2) 정격 운전 능력으로 단속 운전하는 경우 [
E.3.2.2	005	국가표준 : KSCIEC60335-2-24-가정용 및 이와 유사한 전기기기의 안전성-제2-24부 : 전기 냉장고, 아이스크림 기기 및 제빙기의 개별 요구사항 유사도 : 47.8% 국가표준 : KSCIEC60335-2-40-가정용 및 이와 유사한 전기기기의 안전성 — 제2-40부: 히트펌프, 에어컨디셔너 및 제습기의 개별 요구사항 유사도 : 47.6% 국가표준 : KSCIEC61340-5-1-정전기학 — 제5-1부: 정전기 현상으로부터 전자 장치 보호 — 일반 요구사항 유사도 : 47.6% 국가표준 : KSCIEC60335-2-69-가정용 및 이와 유사한 전기기기의 안전성 ― 제2-69부: 파워 브러시가 부착된 공업용 및 상업용 건·습식 전기 진공 청소기의 개별 요구사항 유사도 : 47.5% 2) 정격 운전 능력으로 단속 운전하는 경우 [ ( t j ) ＜ BL h ( t j ) ＜
E.3.2.2	006	국가표준 : KSCIEC60335-2-69-가정용 및 이와 유사한 전기기기의 안전성 ― 제2-69부: 파워 브러시가 부착된 공업용 및 상업용 건·습식 전기 진공 청소기의 개별 요구사항 유사도 : 47.5% 2) 정격 운전 능력으로 단속 운전하는 경우 [ ( t j ) ＜ BL h ( t j ) ＜ ( t j )] 에어컨을 온도 t j 에서 정격 운전으로 난방 운전하였을 때의 난방 능력은 난방 표준 정격 운전 능력과 난방 저온 정격 운전 능력을 보간하여 산출하며, 건물 부하와의 관계는 그림 E.5에 따른다.
E.3.2.2	007	유사도 : 67.0% 국가표준 : KSCIEC60335-2-61-가정용 및 이와 유사한 전기기기의 안전성 ─ 제2-61부: 축열식 실내용 난방기의 개별 요구사항 유사도 : 66.8% 국가표준 : KSC9306-에어컨디셔너 유사도 : 66.5% 국가표준 : KSCIEC60335-2-40-가정용 및 이와 유사한 전기기기의 안전성 — 제2-40부: 히트펌프, 에어컨디셔너 및 제습기의 개별 요구사항 유사도 : 66.5% 국가표준 : KSB8019-기름 온풍 난방기 유사도 : 63.9% 국가표준 : KSCIEC60730-2-9-자동제어장치 ― 제2-9부: 온도감지 제어장치의 개별 요구사항 유사도 : 63.1% 국가표준 : KSCIEC60691-온도 퓨즈 ─ 요구사항 및 적용지침 유사도 : 63.1% 국가표준 : KSCIEC60335-2-96-가정용 및 이와 유사한 전기기기의 안전성 — 제2-96부: 방 난방용 면상발열체의 개별 요구사항 유사도 : 62.9% 국가표준 : KSCIEC60730-2-15-가정용 및 이와 유사한 자동 제어 장치 — 제2-15부: 보일러용 플로트식, 전극식 수위 제어 장치의 개별 요구 사항 유사도 : 62.8%
E.3.2.2	008	유사도 : 50.3% 국가표준 : KSCIEC60335-2-105-가정용 및 이와 유사한 전기기의 안전성 ― 제2-105부：다기능 샤워 캐비닛에 관한 개별 요구사항 유사도 : 50.1% 국가표준 : KSCIEC60335-2-6-가정용 및 이와 유사한 전기기기의 안전성 ─ 제2-6부: 거치형 조리레인지, 호브, 오븐 및 이와 유사한 기기의 개별 요구사항 유사도 : 49.3% 국가표준 : KSCIEC60335-2-40-가정용 및 이와 유사한 전기기기의 안전성 — 제2-40부: 히트펌프, 에어컨디셔너 및 제습기의 개별 요구사항 유사도 : 49.1% 국가표준 : KSCIEC60335-2-81-가정용 및 이와 유사한 전기기기의 안전성 — 제2-81부: 발 보온기 및 발 보온 매트의 개별 요구사항 유사도 : 48.9% 국가표준 : KSCIEC60335-2-83-가정용 및 이와 유사한 전기기기의 안전성 ― 제2-83부: 지붕 배수장치에 관한 개별 요구사항 유사도 : 48.7% 1) 최소 운전 능력으로 단속 운전하는 영역인 경우 [ BL h ( t j ) ≦
E.3.2.2	009	유사도 : 49.1% 국가표준 : KSCIEC60335-2-81-가정용 및 이와 유사한 전기기기의 안전성 — 제2-81부: 발 보온기 및 발 보온 매트의 개별 요구사항 유사도 : 48.9% 국가표준 : KSCIEC60335-2-83-가정용 및 이와 유사한 전기기기의 안전성 ― 제2-83부: 지붕 배수장치에 관한 개별 요구사항 유사도 : 48.7% 1) 최소 운전 능력으로 단속 운전하는 영역인 경우 [ BL h ( t j ) ≦ ( t j )] 에어컨을 착상 영역인 온도 t j 에서 최소 운전으로 난방 운전하였을 때의 난방 능력은 난방 제상 최소 운전 능력과 난방 저온 최소 운전 능력을 보간하여 산출하며, 건물 부하와의 관계는 그림 E.5를 따를 수 있다.
E.3.2.2	010	유사도 : 66.1% 국가표준 : KSC9805-가정용 축열식 전기보일러 및 저탕식 전기 온수기 유사도 : 65.6% 국가표준 : KSCIEC60335-2-40-가정용 및 이와 유사한 전기기기의 안전성 — 제2-40부: 히트펌프, 에어컨디셔너 및 제습기의 개별 요구사항 유사도 : 64.8% 국가표준 : KSCIEC60364-7-753-저 전압 전기설비 — 제7–753부: 특수설비 또는 특수장소에 관한 요구사항 — 바닥과 천장의 난방시스템 유사도 : 64.4% 국가표준 : KSCIEC60335-2-61-가정용 및 이와 유사한 전기기기의 안전성 ─ 제2-61부: 축열식 실내용 난방기의 개별 요구사항 유사도 : 64.2% 국가표준 : KSCIEC60691-온도 퓨즈 ─ 요구사항 및 적용지침 유사도 : 63.0% 국가표준 : KSC9306-에어컨디셔너 유사도 : 62.4% 국가표준 : KSCIEC60730-2-15-가정용 및 이와 유사한 자동 제어 장치 — 제2-15부: 보일러용 플로트식, 전극식 수위 제어 장치의 개별 요구 사항 유사도 : 61.7% 국가표준 : KSCIEC60335-2-96-가정용 및 이와 유사한 전기기기의 안전성 — 제2-96부: 방 난방용 면상발열체의 개별 요구사항 유사도 : 60.7%
E.3.2.2	011	유사도 : 47.7% 국가표준 : KSCIEC60335-2-90-가정용 및 이와 유사한 전기 기기의 안전성-제2-90부 : 상업용 전자레인지의 개별 요구사항 유사도 : 47.0% 국가표준 : KSCIEC60335-2-50-가정용 및 이와 유사한 전기기기의 안전성 ― 제2-50부: 상업용 전기 이중 냄비의 개별 요구사항 유사도 : 46.8% 국가표준 : KSCIEC60335-2-105-가정용 및 이와 유사한 전기기의 안전성 ― 제2-105부：다기능 샤워 캐비닛에 관한 개별 요구사항 유사도 : 46.8% 국가표준 : KSCIEC61340-5-1-정전기학 — 제5-1부: 정전기 현상으로부터 전자 장치 보호 — 일반 요구사항 유사도 : 46.5% 국가표준 : KSCIEC60335-2-69-가정용 및 이와 유사한 전기기기의 안전성 ― 제2-69부: 파워 브러시가 부착된 공업용 및 상업용 건·습식 전기 진공 청소기의 개별 요구사항 유사도 : 46.4% 국가표준 : KSCIEC60335-2-24-가정용 및 이와 유사한 전기기기의 안전성-제2-24부 : 전기 냉장고, 아이스크림 기기 및 제빙기의 개별 요구사항 유사도 : 46.2% 국가표준 : KSBISO/TR10687-기계적 진동 — 전신 진동에 따른 앉은 자세의 설명 및 정의 유사도 : 46.0% 2) 정격 운전으로 단속 운전하는 경우 [
E.3.2.2	012	국가표준 : KSCIEC61340-5-1-정전기학 — 제5-1부: 정전기 현상으로부터 전자 장치 보호 — 일반 요구사항 유사도 : 46.5% 국가표준 : KSCIEC60335-2-69-가정용 및 이와 유사한 전기기기의 안전성 ― 제2-69부: 파워 브러시가 부착된 공업용 및 상업용 건·습식 전기 진공 청소기의 개별 요구사항 유사도 : 46.4% 국가표준 : KSCIEC60335-2-24-가정용 및 이와 유사한 전기기기의 안전성-제2-24부 : 전기 냉장고, 아이스크림 기기 및 제빙기의 개별 요구사항 유사도 : 46.2% 국가표준 : KSBISO/TR10687-기계적 진동 — 전신 진동에 따른 앉은 자세의 설명 및 정의 유사도 : 46.0% 2) 정격 운전으로 단속 운전하는 경우 [ ( t j ) ＜ BL h ( t j ) ＜
E.3.2.2	013	국가표준 : KSBISO/TR10687-기계적 진동 — 전신 진동에 따른 앉은 자세의 설명 및 정의 유사도 : 46.0% 2) 정격 운전으로 단속 운전하는 경우 [ ( t j ) ＜ BL h ( t j ) ＜ ( t j )] 에어컨을 착상 영역인 온도 t j 에서 정격 운전으로 난방 운전하였을 때의 난방 능력은 난방 제상 정격 운전 능력과 난방 저온 정격 운전 능력을 보간하여 산출하며, 건물 부하와의 관계는 그림 E.5에 따른다.
E.3.2.2	014	유사도 : 66.7% 국가표준 : KSC9306-에어컨디셔너 유사도 : 66.0% 국가표준 : KSCIEC60335-2-61-가정용 및 이와 유사한 전기기기의 안전성 ─ 제2-61부: 축열식 실내용 난방기의 개별 요구사항 유사도 : 65.6% 국가표준 : KSC9805-가정용 축열식 전기보일러 및 저탕식 전기 온수기 유사도 : 64.0% 국가표준 : KSCIEC60364-7-753-저 전압 전기설비 — 제7–753부: 특수설비 또는 특수장소에 관한 요구사항 — 바닥과 천장의 난방시스템 유사도 : 63.6% 국가표준 : KSCIEC60730-2-15-가정용 및 이와 유사한 자동 제어 장치 — 제2-15부: 보일러용 플로트식, 전극식 수위 제어 장치의 개별 요구 사항 유사도 : 63.5% 국가표준 : KSCIEC60335-2-96-가정용 및 이와 유사한 전기기기의 안전성 — 제2-96부: 방 난방용 면상발열체의 개별 요구사항 유사도 : 62.5% 국가표준 : KSCIEC60675-가정용 전기 직접 가열식 실내용 난방기 — 성능 측정 방법 유사도 : 62.3% 국가표준 : KSC9317-전기 제습기 유사도 : 61.9%
E.3.2.2	015	유사도 : 46.7% 국가표준 : KSCIEC61340-5-1-정전기학 — 제5-1부: 정전기 현상으로부터 전자 장치 보호 — 일반 요구사항 유사도 : 46.3% 국가표준 : KSCIEC60335-2-69-가정용 및 이와 유사한 전기기기의 안전성 ― 제2-69부: 파워 브러시가 부착된 공업용 및 상업용 건·습식 전기 진공 청소기의 개별 요구사항 유사도 : 46.2% 국가표준 : KSCIEC60335-2-90-가정용 및 이와 유사한 전기 기기의 안전성-제2-90부 : 상업용 전자레인지의 개별 요구사항 유사도 : 46.1% 국가표준 : KSCIEC60335-2-24-가정용 및 이와 유사한 전기기기의 안전성-제2-24부 : 전기 냉장고, 아이스크림 기기 및 제빙기의 개별 요구사항 유사도 : 45.7% 국가표준 : KSCIEC60335-2-105-가정용 및 이와 유사한 전기기의 안전성 ― 제2-105부：다기능 샤워 캐비닛에 관한 개별 요구사항 유사도 : 45.5% 국가표준 : KSCIEC60335-2-50-가정용 및 이와 유사한 전기기기의 안전성 ― 제2-50부: 상업용 전기 이중 냄비의 개별 요구사항 유사도 : 45.5% 국가표준 : KSIISO1999-음향 — 소음성 난청의 추정 유사도 : 45.3% 3) 정격 운전으로 연속 운전하는 경우 [
E.3.2.3	001	 이 홈 흔들림의 정의와 허용값 유사도 : 48.6% 국가표준 : KSCIEC60335-2-4-가정용 및 이와 유사한 전기기기의 안전성 ─ 제2-4부: 전기 탈수기의 개별 요구사항 유사도 : 48.3% 국가표준 : KSCIEC60335-2-62-가정용 및 이와 유사한 전기기기의 안전성 ─ 제2-62부: 상업용 전기 헹굼 싱크의 개별 요구사항 유사도 : 48.1% 국가표준 : KSCIEC60335-2-105-가정용 및 이와 유사한 전기기의 안전성 ― 제2-105부：다기능 샤워 캐비닛에 관한 개별 요구사항 유사도 : 47.8% 국가표준 : KSCIEC62053-24-전기계량 장치(AC) — 개별요구사항 — 제24부: 기본주파수에서 전자식 무효 전력량계(0.5S급, 1S급, 1급) 유사도 : 47.5% 국가표준 : KSCIEC60335-2-24-가정용 및 이와 유사한 전기기기의 안전성-제2-24부 : 전기 냉장고, 아이스크림 기기 및 제빙기의 개별 요구사항 유사도 : 47.3% 국가표준 : KSCIEC60335-2-50-가정용 및 이와 유사한 전기기기의 안전성 ― 제2-50부: 상업용 전기 이중 냄비의 개별 요구사항 유사도 : 47.2% 국가표준 : KSCIEC60335-2-69-가정용 및 이와 유사한 전기기기의 안전성 ― 제2-69부: 파워 브러시가 부착된 공업용 및 상업용 건·습식 전기 진공 청소기의 개별 요구사항 유사도 : 47.2%
E.3.2.3	002	사도 : 45.1% 국가표준 : KSCIEC60335-2-70-가정용 및 이와 유사한 전기기기의 안전성 ─ 제2-70부: 전기 착유기의 개별 요구사항 유사도 : 44.6% 국가표준 : KSCIEC61340-5-1-정전기학 — 제5-1부: 정전기 현상으로부터 전자 장치 보호 — 일반 요구사항 유사도 : 44.3% 국가표준 : KSCIEC60335-2-105-가정용 및 이와 유사한 전기기의 안전성 ― 제2-105부：다기능 샤워 캐비닛에 관한 개별 요구사항 유사도 : 44.2% 국가표준 : KSCIEC60335-2-4-가정용 및 이와 유사한 전기기기의 안전성 ─ 제2-4부: 전기 탈수기의 개별 요구사항 유사도 : 43.2% 국가표준 : KSCIEC60335-2-24-가정용 및 이와 유사한 전기기기의 안전성-제2-24부 : 전기 냉장고, 아이스크림 기기 및 제빙기의 개별 요구사항 유사도 : 42.8% 국가표준 : KSCIEC60335-2-97-가정용 및 이와 유사한 전기기기의 안전성 — 제2-97부: 셔터, 차양, 블라인더 및 유사한 장비를 위한 구동장치의 개별 요구사항 유사도 : 42.8% 국가표준 : KSCIEC60335-2-71-가정용 및 이와 유사한 전기기기의 안전성 ― 제2-71부: 동물 부화 및 사육용 전열기기의 개별 요구사항 유사도 : 42.7% 국가표준 : KSW7214-항공기용 전기·전자기기의 납땜 방법 유사도 : 42.7%
E.3.2.3	003	-62부: 상업용 전기 헹굼 싱크의 개별 요구사항 유사도 : 47.7% 국가표준 : KSCIEC60335-2-4-가정용 및 이와 유사한 전기기기의 안전성 ─ 제2-4부: 전기 탈수기의 개별 요구사항 유사도 : 47.6% 국가표준 : KSBISO1328-2-원통기어-정밀도 등급 제1부 : 양쪽 잇면 물림 오차 및 이 홈 흔들림의 정의와 허용값 유사도 : 47.6% 국가표준 : KSCIEC60335-2-105-가정용 및 이와 유사한 전기기의 안전성 ― 제2-105부：다기능 샤워 캐비닛에 관한 개별 요구사항 유사도 : 47.6% 국가표준 : KSCIEC62053-24-전기계량 장치(AC) — 개별요구사항 — 제24부: 기본주파수에서 전자식 무효 전력량계(0.5S급, 1S급, 1급) 유사도 : 47.2% 국가표준 : KSCIEC60335-2-69-가정용 및 이와 유사한 전기기기의 안전성 ― 제2-69부: 파워 브러시가 부착된 공업용 및 상업용 건·습식 전기 진공 청소기의 개별 요구사항 유사도 : 46.8% 국가표준 : KSCIEC60335-2-50-가정용 및 이와 유사한 전기기기의 안전성 ― 제2-50부: 상업용 전기 이중 냄비의 개별 요구사항 유사도 : 46.7% 국가표준 : KSCIEC60335-2-24-가정용 및 이와 유사한 전기기기의 안전성-제2-24부 : 전기 냉장고, 아이스크림 기기 및 제빙기의 개별 요구사항 유사도 : 46.7%
E.3.2.3	004	유사한 전기기기의 안전성 ─ 제2-70부: 전기 착유기의 개별 요구사항 유사도 : 43.7% 국가표준 : KSCIEC61340-5-1-정전기학 — 제5-1부: 정전기 현상으로부터 전자 장치 보호 — 일반 요구사항 유사도 : 43.5% 국가표준 : KSCIEC60335-2-105-가정용 및 이와 유사한 전기기의 안전성 ― 제2-105부：다기능 샤워 캐비닛에 관한 개별 요구사항 유사도 : 43.3% 국가표준 : KSCIEC60335-2-71-가정용 및 이와 유사한 전기기기의 안전성 ― 제2-71부: 동물 부화 및 사육용 전열기기의 개별 요구사항 유사도 : 42.3% 국가표준 : KSCIEC60335-2-4-가정용 및 이와 유사한 전기기기의 안전성 ─ 제2-4부: 전기 탈수기의 개별 요구사항 유사도 : 42.2% 국가표준 : KSCIEC60335-2-24-가정용 및 이와 유사한 전기기기의 안전성-제2-24부 : 전기 냉장고, 아이스크림 기기 및 제빙기의 개별 요구사항 유사도 : 41.9% 국가표준 : KSCIEC60335-2-97-가정용 및 이와 유사한 전기기기의 안전성 — 제2-97부: 셔터, 차양, 블라인더 및 유사한 장비를 위한 구동장치의 개별 요구사항 유사도 : 41.6% 국가표준 : KSCIEC60335-2-78-가정용 및 이와 유사한 전기기기의 안전성 ― 제2-78부: 야외용 전기 바베큐기기의 개별 요구사항 유사도 : 41.4%
E.3.2.3	005	4부: 전기 탈수기의 개별 요구사항 유사도 : 47.7% 국가표준 : KSBISO1328-2-원통기어-정밀도 등급 제1부 : 양쪽 잇면 물림 오차 및 이 홈 흔들림의 정의와 허용값 유사도 : 47.7% 국가표준 : KSCIEC60335-2-62-가정용 및 이와 유사한 전기기기의 안전성 ─ 제2-62부: 상업용 전기 헹굼 싱크의 개별 요구사항 유사도 : 47.7% 국가표준 : KSCIEC60335-2-105-가정용 및 이와 유사한 전기기의 안전성 ― 제2-105부：다기능 샤워 캐비닛에 관한 개별 요구사항 유사도 : 47.6% 국가표준 : KSCIEC62053-24-전기계량 장치(AC) — 개별요구사항 — 제24부: 기본주파수에서 전자식 무효 전력량계(0.5S급, 1S급, 1급) 유사도 : 47.1% 국가표준 : KSCIEC60335-2-69-가정용 및 이와 유사한 전기기기의 안전성 ― 제2-69부: 파워 브러시가 부착된 공업용 및 상업용 건·습식 전기 진공 청소기의 개별 요구사항 유사도 : 46.9% 국가표준 : KSCIEC60335-2-50-가정용 및 이와 유사한 전기기기의 안전성 ― 제2-50부: 상업용 전기 이중 냄비의 개별 요구사항 유사도 : 46.7% 국가표준 : KSCIEC60335-2-24-가정용 및 이와 유사한 전기기기의 안전성-제2-24부 : 전기 냉장고, 아이스크림 기기 및 제빙기의 개별 요구사항 유사도 : 46.6%
E.3.2.3	006	유사한 전기기기의 안전성 ─ 제2-70부: 전기 착유기의 개별 요구사항 유사도 : 43.7% 국가표준 : KSCIEC61340-5-1-정전기학 — 제5-1부: 정전기 현상으로부터 전자 장치 보호 — 일반 요구사항 유사도 : 43.5% 국가표준 : KSCIEC60335-2-105-가정용 및 이와 유사한 전기기의 안전성 ― 제2-105부：다기능 샤워 캐비닛에 관한 개별 요구사항 유사도 : 43.3% 국가표준 : KSCIEC60335-2-71-가정용 및 이와 유사한 전기기기의 안전성 ― 제2-71부: 동물 부화 및 사육용 전열기기의 개별 요구사항 유사도 : 42.3% 국가표준 : KSCIEC60335-2-4-가정용 및 이와 유사한 전기기기의 안전성 ─ 제2-4부: 전기 탈수기의 개별 요구사항 유사도 : 42.2% 국가표준 : KSCIEC60335-2-24-가정용 및 이와 유사한 전기기기의 안전성-제2-24부 : 전기 냉장고, 아이스크림 기기 및 제빙기의 개별 요구사항 유사도 : 41.9% 국가표준 : KSCIEC60335-2-97-가정용 및 이와 유사한 전기기기의 안전성 — 제2-97부: 셔터, 차양, 블라인더 및 유사한 장비를 위한 구동장치의 개별 요구사항 유사도 : 41.6% 국가표준 : KSCIEC60335-2-78-가정용 및 이와 유사한 전기기기의 안전성 ― 제2-78부: 야외용 전기 바베큐기기의 개별 요구사항 유사도 : 41.4%
E.3.2.3	007	유사도 : 60.2% 국가표준 : KSCIEC60335-2-96-가정용 및 이와 유사한 전기기기의 안전성 — 제2-96부: 방 난방용 면상발열체의 개별 요구사항 유사도 : 59.8% 국가표준 : KSC9805-가정용 축열식 전기보일러 및 저탕식 전기 온수기 유사도 : 59.4% 국가표준 : KSCIEC60335-2-40-가정용 및 이와 유사한 전기기기의 안전성 — 제2-40부: 히트펌프, 에어컨디셔너 및 제습기의 개별 요구사항 유사도 : 59.1% 국가표준 : KSB8019-기름 온풍 난방기 유사도 : 59.0% 국가표준 : KSCIEC60364-7-753-저 전압 전기설비 — 제7–753부: 특수설비 또는 특수장소에 관한 요구사항 — 바닥과 천장의 난방시스템 유사도 : 58.6% 국가표준 : KSB8053-가스 열펌프 ─ 덕트 접속형 기기 ─ 성능 시험과 평가 유사도 : 58.1% 국가표준 : KSB8052-가스 열펌프 ─ 덕트 비접속형 기기 ─ 성능 시험과 평가 유사도 : 58.1% 국가표준 : KSBISO3795-도로차량 및 농업, 산림용 트랙터와 기계-내장재의 연소거동 측정법 유사도 : 57.5%
E.3.2.3	008	 이 홈 흔들림의 정의와 허용값 유사도 : 48.6% 국가표준 : KSCIEC60335-2-4-가정용 및 이와 유사한 전기기기의 안전성 ─ 제2-4부: 전기 탈수기의 개별 요구사항 유사도 : 48.3% 국가표준 : KSCIEC60335-2-62-가정용 및 이와 유사한 전기기기의 안전성 ─ 제2-62부: 상업용 전기 헹굼 싱크의 개별 요구사항 유사도 : 48.1% 국가표준 : KSCIEC60335-2-105-가정용 및 이와 유사한 전기기의 안전성 ― 제2-105부：다기능 샤워 캐비닛에 관한 개별 요구사항 유사도 : 47.8% 국가표준 : KSCIEC62053-24-전기계량 장치(AC) — 개별요구사항 — 제24부: 기본주파수에서 전자식 무효 전력량계(0.5S급, 1S급, 1급) 유사도 : 47.5% 국가표준 : KSCIEC60335-2-24-가정용 및 이와 유사한 전기기기의 안전성-제2-24부 : 전기 냉장고, 아이스크림 기기 및 제빙기의 개별 요구사항 유사도 : 47.3% 국가표준 : KSCIEC60335-2-50-가정용 및 이와 유사한 전기기기의 안전성 ― 제2-50부: 상업용 전기 이중 냄비의 개별 요구사항 유사도 : 47.2% 국가표준 : KSCIEC60335-2-69-가정용 및 이와 유사한 전기기기의 안전성 ― 제2-69부: 파워 브러시가 부착된 공업용 및 상업용 건·습식 전기 진공 청소기의 개별 요구사항 유사도 : 47.2%
E.3.2.3	009	유사한 전기기기의 안전성 ─ 제2-70부: 전기 착유기의 개별 요구사항 유사도 : 43.7% 국가표준 : KSCIEC61340-5-1-정전기학 — 제5-1부: 정전기 현상으로부터 전자 장치 보호 — 일반 요구사항 유사도 : 43.5% 국가표준 : KSCIEC60335-2-105-가정용 및 이와 유사한 전기기의 안전성 ― 제2-105부：다기능 샤워 캐비닛에 관한 개별 요구사항 유사도 : 43.3% 국가표준 : KSCIEC60335-2-71-가정용 및 이와 유사한 전기기기의 안전성 ― 제2-71부: 동물 부화 및 사육용 전열기기의 개별 요구사항 유사도 : 42.3% 국가표준 : KSCIEC60335-2-4-가정용 및 이와 유사한 전기기기의 안전성 ─ 제2-4부: 전기 탈수기의 개별 요구사항 유사도 : 42.2% 국가표준 : KSCIEC60335-2-24-가정용 및 이와 유사한 전기기기의 안전성-제2-24부 : 전기 냉장고, 아이스크림 기기 및 제빙기의 개별 요구사항 유사도 : 41.9% 국가표준 : KSCIEC60335-2-97-가정용 및 이와 유사한 전기기기의 안전성 — 제2-97부: 셔터, 차양, 블라인더 및 유사한 장비를 위한 구동장치의 개별 요구사항 유사도 : 41.6% 국가표준 : KSCIEC60335-2-78-가정용 및 이와 유사한 전기기기의 안전성 ― 제2-78부: 야외용 전기 바베큐기기의 개별 요구사항 유사도 : 41.4%
E.3.2.3	010	 이 홈 흔들림의 정의와 허용값 유사도 : 48.6% 국가표준 : KSCIEC60335-2-4-가정용 및 이와 유사한 전기기기의 안전성 ─ 제2-4부: 전기 탈수기의 개별 요구사항 유사도 : 48.3% 국가표준 : KSCIEC60335-2-62-가정용 및 이와 유사한 전기기기의 안전성 ─ 제2-62부: 상업용 전기 헹굼 싱크의 개별 요구사항 유사도 : 48.1% 국가표준 : KSCIEC60335-2-105-가정용 및 이와 유사한 전기기의 안전성 ― 제2-105부：다기능 샤워 캐비닛에 관한 개별 요구사항 유사도 : 47.8% 국가표준 : KSCIEC62053-24-전기계량 장치(AC) — 개별요구사항 — 제24부: 기본주파수에서 전자식 무효 전력량계(0.5S급, 1S급, 1급) 유사도 : 47.5% 국가표준 : KSCIEC60335-2-24-가정용 및 이와 유사한 전기기기의 안전성-제2-24부 : 전기 냉장고, 아이스크림 기기 및 제빙기의 개별 요구사항 유사도 : 47.3% 국가표준 : KSCIEC60335-2-50-가정용 및 이와 유사한 전기기기의 안전성 ― 제2-50부: 상업용 전기 이중 냄비의 개별 요구사항 유사도 : 47.2% 국가표준 : KSCIEC60335-2-69-가정용 및 이와 유사한 전기기기의 안전성 ― 제2-69부: 파워 브러시가 부착된 공업용 및 상업용 건·습식 전기 진공 청소기의 개별 요구사항 유사도 : 47.2%
E.3.2.3	011	유사한 전기기기의 안전성 ─ 제2-70부: 전기 착유기의 개별 요구사항 유사도 : 43.7% 국가표준 : KSCIEC61340-5-1-정전기학 — 제5-1부: 정전기 현상으로부터 전자 장치 보호 — 일반 요구사항 유사도 : 43.5% 국가표준 : KSCIEC60335-2-105-가정용 및 이와 유사한 전기기의 안전성 ― 제2-105부：다기능 샤워 캐비닛에 관한 개별 요구사항 유사도 : 43.3% 국가표준 : KSCIEC60335-2-71-가정용 및 이와 유사한 전기기기의 안전성 ― 제2-71부: 동물 부화 및 사육용 전열기기의 개별 요구사항 유사도 : 42.3% 국가표준 : KSCIEC60335-2-4-가정용 및 이와 유사한 전기기기의 안전성 ─ 제2-4부: 전기 탈수기의 개별 요구사항 유사도 : 42.2% 국가표준 : KSCIEC60335-2-24-가정용 및 이와 유사한 전기기기의 안전성-제2-24부 : 전기 냉장고, 아이스크림 기기 및 제빙기의 개별 요구사항 유사도 : 41.9% 국가표준 : KSCIEC60335-2-97-가정용 및 이와 유사한 전기기기의 안전성 — 제2-97부: 셔터, 차양, 블라인더 및 유사한 장비를 위한 구동장치의 개별 요구사항 유사도 : 41.6% 국가표준 : KSCIEC60335-2-78-가정용 및 이와 유사한 전기기기의 안전성 ― 제2-78부: 야외용 전기 바베큐기기의 개별 요구사항 유사도 : 41.4%
E.3.2.3	012	 이 홈 흔들림의 정의와 허용값 유사도 : 48.6% 국가표준 : KSCIEC60335-2-4-가정용 및 이와 유사한 전기기기의 안전성 ─ 제2-4부: 전기 탈수기의 개별 요구사항 유사도 : 48.3% 국가표준 : KSCIEC60335-2-62-가정용 및 이와 유사한 전기기기의 안전성 ─ 제2-62부: 상업용 전기 헹굼 싱크의 개별 요구사항 유사도 : 48.1% 국가표준 : KSCIEC60335-2-105-가정용 및 이와 유사한 전기기의 안전성 ― 제2-105부：다기능 샤워 캐비닛에 관한 개별 요구사항 유사도 : 47.8% 국가표준 : KSCIEC62053-24-전기계량 장치(AC) — 개별요구사항 — 제24부: 기본주파수에서 전자식 무효 전력량계(0.5S급, 1S급, 1급) 유사도 : 47.5% 국가표준 : KSCIEC60335-2-24-가정용 및 이와 유사한 전기기기의 안전성-제2-24부 : 전기 냉장고, 아이스크림 기기 및 제빙기의 개별 요구사항 유사도 : 47.3% 국가표준 : KSCIEC60335-2-50-가정용 및 이와 유사한 전기기기의 안전성 ― 제2-50부: 상업용 전기 이중 냄비의 개별 요구사항 유사도 : 47.2% 국가표준 : KSCIEC60335-2-69-가정용 및 이와 유사한 전기기기의 안전성 ― 제2-69부: 파워 브러시가 부착된 공업용 및 상업용 건·습식 전기 진공 청소기의 개별 요구사항 유사도 : 47.2%
E.3.2.3	013	유사한 전기기기의 안전성 ─ 제2-70부: 전기 착유기의 개별 요구사항 유사도 : 43.7% 국가표준 : KSCIEC61340-5-1-정전기학 — 제5-1부: 정전기 현상으로부터 전자 장치 보호 — 일반 요구사항 유사도 : 43.5% 국가표준 : KSCIEC60335-2-105-가정용 및 이와 유사한 전기기의 안전성 ― 제2-105부：다기능 샤워 캐비닛에 관한 개별 요구사항 유사도 : 43.3% 국가표준 : KSCIEC60335-2-71-가정용 및 이와 유사한 전기기기의 안전성 ― 제2-71부: 동물 부화 및 사육용 전열기기의 개별 요구사항 유사도 : 42.3% 국가표준 : KSCIEC60335-2-4-가정용 및 이와 유사한 전기기기의 안전성 ─ 제2-4부: 전기 탈수기의 개별 요구사항 유사도 : 42.2% 국가표준 : KSCIEC60335-2-24-가정용 및 이와 유사한 전기기기의 안전성-제2-24부 : 전기 냉장고, 아이스크림 기기 및 제빙기의 개별 요구사항 유사도 : 41.9% 국가표준 : KSCIEC60335-2-97-가정용 및 이와 유사한 전기기기의 안전성 — 제2-97부: 셔터, 차양, 블라인더 및 유사한 장비를 위한 구동장치의 개별 요구사항 유사도 : 41.6% 국가표준 : KSCIEC60335-2-78-가정용 및 이와 유사한 전기기기의 안전성 ― 제2-78부: 야외용 전기 바베큐기기의 개별 요구사항 유사도 : 41.4%
E.3.2.3	014	유사도 : 63.0% 국가표준 : KSB8019-기름 온풍 난방기 유사도 : 62.5% 국가표준 : KSCIEC60531-가정용 및 이와 유사한 축열식 난방기의 성능 측정 방법 유사도 : 61.4% 국가표준 : KSCIEC60335-2-96-가정용 및 이와 유사한 전기기기의 안전성 — 제2-96부: 방 난방용 면상발열체의 개별 요구사항 유사도 : 61.3% 국가표준 : KSCIEC60335-2-40-가정용 및 이와 유사한 전기기기의 안전성 — 제2-40부: 히트펌프, 에어컨디셔너 및 제습기의 개별 요구사항 유사도 : 61.0% 국가표준 : KSB8004-기름 난로 유사도 : 60.3% 국가표준 : KSCIEC60364-7-753-저 전압 전기설비 — 제7–753부: 특수설비 또는 특수장소에 관한 요구사항 — 바닥과 천장의 난방시스템 유사도 : 60.1% 국가표준 : KSCIEC61800-5-1-가변속 전력구동시스템-제5-1부: 안전요구사항 전기-열 및 에너지 유사도 : 59.8% 국가표준 : KSCIEC60691-온도 퓨즈 ─ 요구사항 및 적용지침 유사도 : 59.5%
E.3.2.4	001	유사도 : 52.7% 국가표준 : KSCIEC60335-2-105-가정용 및 이와 유사한 전기기의 안전성 ― 제2-105부：다기능 샤워 캐비닛에 관한 개별 요구사항 유사도 : 52.7% 국가표준 : KSCIEC61300-2-48-광섬유 연결소자 및 수동 광부품의 기본 시험 및 측정절차 — 제2-48부: 온도와 습도 싸이클 시험 유사도 : 52.5% 국가표준 : KSCIEC60335-2-74-가정용 및 이와 유사한 전기기기의 안전성 ─ 제2-74부: 이동형 수중히터의 개별 요구사항 유사도 : 52.3% 국가표준 : KSCIEC60335-2-24-가정용 및 이와 유사한 전기기기의 안전성-제2-24부 : 전기 냉장고, 아이스크림 기기 및 제빙기의 개별 요구사항 유사도 : 52.2% 국가표준 : KSCIEC60335-2-45-가정용 및 이와 유사한 전기기기의 안전성 ─ 제2-45부: 휴대형 가열기기 및 이와 유사한 전기기기의 개별 요구사항 유사도 : 52.2% 1) 건물 부하보다 최소 운전 능력이 큰 경우 [ BL h ( t j ) ≦
E.3.2.4	002	국가표준 : KSCIEC60335-2-24-가정용 및 이와 유사한 전기기기의 안전성-제2-24부 : 전기 냉장고, 아이스크림 기기 및 제빙기의 개별 요구사항 유사도 : 52.2% 국가표준 : KSCIEC60335-2-45-가정용 및 이와 유사한 전기기기의 안전성 ─ 제2-45부: 휴대형 가열기기 및 이와 유사한 전기기기의 개별 요구사항 유사도 : 52.2% 1) 건물 부하보다 최소 운전 능력이 큰 경우 [ BL h ( t j ) ≦ ( t j )] 에어컨을 온도 t j 에서 최소 운전으로 난방 운전하였을 때의 난방 능력과 난방 소비 전력은 식(E.2.20)과 식(E.2.27)에 따른다. 2) 건물 부하가 최소 운전 능력과 정격 운전 능력 사이인 경우 [
E.3.2.4	003	h ( t j ) ≦ ( t j )] 에어컨을 온도 t j 에서 최소 운전으로 난방 운전하였을 때의 난방 능력과 난방 소비 전력은 식(E.2.20)과 식(E.2.27)에 따른다. 2) 건물 부하가 최소 운전 능력과 정격 운전 능력 사이인 경우 [ ( t j ) ＜ BL h ( t j ) ≦
E.3.2.4	004	j )] 에어컨을 온도 t j 에서 최소 운전으로 난방 운전하였을 때의 난방 능력과 난방 소비 전력은 식(E.2.20)과 식(E.2.27)에 따른다. 2) 건물 부하가 최소 운전 능력과 정격 운전 능력 사이인 경우 [ ( t j ) ＜ BL h ( t j ) ≦ ( t j )] 온도 t j 에서 난방 운전하였을 때의 에어컨의 난방 소비 전력
E.3.2.4	005	에서 난방 운전하였을 때의 에어컨의 난방 소비 전력 ( t j )는, 최소 운전 능력 운전시의 난방 능력과 건물 부하가 일치하는 온도( t c )에서의 최소 운전 능력 운전시 난방 소비 전력[ P h 1 ( t c )]과 정격 운전시의 난방 능력과 건물 부하가 일치하는 온도( t a )에서의 정격 운전시 난방 소비 전력[ P h 2 ( t a )]을 보간하여 식(E.2.34)와 같이 구한다.
E.3.2.4	006	유사도 : 50.3% 국가표준 : KSCIEC60335-2-105-가정용 및 이와 유사한 전기기의 안전성 ― 제2-105부：다기능 샤워 캐비닛에 관한 개별 요구사항 유사도 : 50.1% 국가표준 : KSCIEC60335-2-6-가정용 및 이와 유사한 전기기기의 안전성 ─ 제2-6부: 거치형 조리레인지, 호브, 오븐 및 이와 유사한 기기의 개별 요구사항 유사도 : 49.3% 국가표준 : KSCIEC60335-2-40-가정용 및 이와 유사한 전기기기의 안전성 — 제2-40부: 히트펌프, 에어컨디셔너 및 제습기의 개별 요구사항 유사도 : 49.1% 국가표준 : KSCIEC60335-2-81-가정용 및 이와 유사한 전기기기의 안전성 — 제2-81부: 발 보온기 및 발 보온 매트의 개별 요구사항 유사도 : 48.9% 국가표준 : KSCIEC60335-2-83-가정용 및 이와 유사한 전기기기의 안전성 ― 제2-83부: 지붕 배수장치에 관한 개별 요구사항 유사도 : 48.7% 1) 건물 부하보다 최소 운전 능력이 큰 경우 [ BL h ( t j )≦
E.3.2.4	007	국가표준 : KSCIEC60335-2-81-가정용 및 이와 유사한 전기기기의 안전성 — 제2-81부: 발 보온기 및 발 보온 매트의 개별 요구사항 유사도 : 48.9% 국가표준 : KSCIEC60335-2-83-가정용 및 이와 유사한 전기기기의 안전성 ― 제2-83부: 지붕 배수장치에 관한 개별 요구사항 유사도 : 48.7% 1) 건물 부하보다 최소 운전 능력이 큰 경우 [ BL h ( t j )≦ ( t j )] 에어컨을 온도 t j 에서 최소 운전 능력 운전으로 난방 운전하였을 때의 난방 능력과 난방 소비 전력은 식(E.2.21)과 식(E.2.28)에 따른다. 2) 건물 부하가 최소 운전 능력과 정격 운전 능력 사이인 경우 [
E.3.2.4	008	h ( t j )≦ ( t j )] 에어컨을 온도 t j 에서 최소 운전 능력 운전으로 난방 운전하였을 때의 난방 능력과 난방 소비 전력은 식(E.2.21)과 식(E.2.28)에 따른다. 2) 건물 부하가 최소 운전 능력과 정격 운전 능력 사이인 경우 [ ( t j ) ＜ BL h ( t j ) ≦
E.3.2.4	009	j )] 에어컨을 온도 t j 에서 최소 운전 능력 운전으로 난방 운전하였을 때의 난방 능력과 난방 소비 전력은 식(E.2.21)과 식(E.2.28)에 따른다. 2) 건물 부하가 최소 운전 능력과 정격 운전 능력 사이인 경우 [ ( t j ) ＜ BL h ( t j ) ≦ ( t j )] 온도 t j 에서 난방 운전하였을 때의 에어컨의 난방 소비 전력
E.3.2.4	010	에서 난방 운전하였을 때의 에어컨의 난방 소비 전력 ( t j )는, 최소 운전시의 난방 능력과 건물 부하가 일치하는 온도( t d )에서의 최소 운전시 난방 소비 전력[ P h 1 ( t d )]과 정격 운전시의 난방 능력과 건물 부하가 일치하는 온도( t b )에서의 정격 운전시 난방 소비 전력[ P h 2 ( t b )]을 보간하여 식(E.2.35)와 같이 구한다.
E.3.2.4	011	 국가표준 : KSCIEC60335-2-50-가정용 및 이와 유사한 전기기기의 안전성 ― 제2-50부: 상업용 전기 이중 냄비의 개별 요구사항 유사도 : 44.9% 국가표준 : KSCIEC61340-5-1-정전기학 — 제5-1부: 정전기 현상으로부터 전자 장치 보호 — 일반 요구사항 유사도 : 44.6% 국가표준 : KSCIEC60335-2-24-가정용 및 이와 유사한 전기기기의 안전성-제2-24부 : 전기 냉장고, 아이스크림 기기 및 제빙기의 개별 요구사항 유사도 : 44.5% 국가표준 : KSCIEC60335-2-69-가정용 및 이와 유사한 전기기기의 안전성 ― 제2-69부: 파워 브러시가 부착된 공업용 및 상업용 건·습식 전기 진공 청소기의 개별 요구사항 유사도 : 44.4% 국가표준 : KSCIEC60335-2-105-가정용 및 이와 유사한 전기기의 안전성 ― 제2-105부：다기능 샤워 캐비닛에 관한 개별 요구사항 유사도 : 44.2% 국가표준 : KSCIEC60335-2-90-가정용 및 이와 유사한 전기 기기의 안전성-제2-90부 : 상업용 전자레인지의 개별 요구사항 유사도 : 44.1% 국가표준 : KSCIEC60335-2-40-가정용 및 이와 유사한 전기기기의 안전성 — 제2-40부: 히트펌프, 에어컨디셔너 및 제습기의 개별 요구사항 유사도 : 43.3% 3) 건물 부하가 정격 운전 능력과 최대 운전 능력 사이인 경우 [
E.3.2.4	012	국가표준 : KSCIEC60335-2-69-가정용 및 이와 유사한 전기기기의 안전성 ― 제2-69부: 파워 브러시가 부착된 공업용 및 상업용 건·습식 전기 진공 청소기의 개별 요구사항 유사도 : 44.4% 국가표준 : KSCIEC60335-2-105-가정용 및 이와 유사한 전기기의 안전성 ― 제2-105부：다기능 샤워 캐비닛에 관한 개별 요구사항 유사도 : 44.2% 국가표준 : KSCIEC60335-2-90-가정용 및 이와 유사한 전기 기기의 안전성-제2-90부 : 상업용 전자레인지의 개별 요구사항 유사도 : 44.1% 국가표준 : KSCIEC60335-2-40-가정용 및 이와 유사한 전기기기의 안전성 — 제2-40부: 히트펌프, 에어컨디셔너 및 제습기의 개별 요구사항 유사도 : 43.3% 3) 건물 부하가 정격 운전 능력과 최대 운전 능력 사이인 경우 [ ( t j ) ＜ BL h ( t j ) ≦
E.3.2.4	013	KSCIEC60335-2-105-가정용 및 이와 유사한 전기기의 안전성 ― 제2-105부：다기능 샤워 캐비닛에 관한 개별 요구사항 유사도 : 44.2% 국가표준 : KSCIEC60335-2-90-가정용 및 이와 유사한 전기 기기의 안전성-제2-90부 : 상업용 전자레인지의 개별 요구사항 유사도 : 44.1% 국가표준 : KSCIEC60335-2-40-가정용 및 이와 유사한 전기기기의 안전성 — 제2-40부: 히트펌프, 에어컨디셔너 및 제습기의 개별 요구사항 유사도 : 43.3% 3) 건물 부하가 정격 운전 능력과 최대 운전 능력 사이인 경우 [ ( t j ) ＜ BL h ( t j ) ≦ ( t j )]
E.3.2.5	001	유사도 : 52.7% 국가표준 : KSCIEC60335-2-105-가정용 및 이와 유사한 전기기의 안전성 ― 제2-105부：다기능 샤워 캐비닛에 관한 개별 요구사항 유사도 : 52.7% 국가표준 : KSCIEC61300-2-48-광섬유 연결소자 및 수동 광부품의 기본 시험 및 측정절차 — 제2-48부: 온도와 습도 싸이클 시험 유사도 : 52.5% 국가표준 : KSCIEC60335-2-74-가정용 및 이와 유사한 전기기기의 안전성 ─ 제2-74부: 이동형 수중히터의 개별 요구사항 유사도 : 52.3% 국가표준 : KSCIEC60335-2-24-가정용 및 이와 유사한 전기기기의 안전성-제2-24부 : 전기 냉장고, 아이스크림 기기 및 제빙기의 개별 요구사항 유사도 : 52.2% 국가표준 : KSCIEC60335-2-45-가정용 및 이와 유사한 전기기기의 안전성 ─ 제2-45부: 휴대형 가열기기 및 이와 유사한 전기기기의 개별 요구사항 유사도 : 52.2% 1) 건물 부하보다 최소 운전 능력이 큰 경우 [ BL h ( t j ) ≦
E.3.2.5	002	국가표준 : KSCIEC60335-2-24-가정용 및 이와 유사한 전기기기의 안전성-제2-24부 : 전기 냉장고, 아이스크림 기기 및 제빙기의 개별 요구사항 유사도 : 52.2% 국가표준 : KSCIEC60335-2-45-가정용 및 이와 유사한 전기기기의 안전성 ─ 제2-45부: 휴대형 가열기기 및 이와 유사한 전기기기의 개별 요구사항 유사도 : 52.2% 1) 건물 부하보다 최소 운전 능력이 큰 경우 [ BL h ( t j ) ≦ ( t j )] 에어컨을 온도 t j 에서 최소 운전으로 난방 운전하였을 때의 난방 능력과 난방 소비 전력은 식(E.2.20)과 식(E.2.27)에 따른다. 2) 건물 부하가 최소 운전 능력과 중간 운전 능력 사이인 경우 [
E.3.2.5	003	h ( t j ) ≦ ( t j )] 에어컨을 온도 t j 에서 최소 운전으로 난방 운전하였을 때의 난방 능력과 난방 소비 전력은 식(E.2.20)과 식(E.2.27)에 따른다. 2) 건물 부하가 최소 운전 능력과 중간 운전 능력 사이인 경우 [ ( t j ) ＜ BL h ( t j ) ≦
E.3.2.5	004	j )] 에어컨을 온도 t j 에서 최소 운전으로 난방 운전하였을 때의 난방 능력과 난방 소비 전력은 식(E.2.20)과 식(E.2.27)에 따른다. 2) 건물 부하가 최소 운전 능력과 중간 운전 능력 사이인 경우 [ ( t j ) ＜ BL h ( t j ) ≦ ( t j )] 온도 t j 에서 난방 운전하였을 때의 에어컨의 난방 소비 전력
E.3.2.5	005	j 에서 난방 운전하였을 때의 에어컨의 난방 소비 전력 ( t j )는, 최소 운전시의 난방 능력과 건물 부하가 일치하는 온도( t c )에서의 최소 운전시 난방 소비 전력[ P h 1 ( t c )]과 중간 운전시의 난방 능력과 건물 부하가 일치하는 온도( t e )에서의 중간 운전시 난방 소비 전력[ P hm ( t e )]을 보간하여 식(2.37)과 같이 구한다.
E.3.2.5	006	 국가표준 : KSCIEC60335-2-50-가정용 및 이와 유사한 전기기기의 안전성 ― 제2-50부: 상업용 전기 이중 냄비의 개별 요구사항 유사도 : 44.9% 국가표준 : KSCIEC61340-5-1-정전기학 — 제5-1부: 정전기 현상으로부터 전자 장치 보호 — 일반 요구사항 유사도 : 44.6% 국가표준 : KSCIEC60335-2-24-가정용 및 이와 유사한 전기기기의 안전성-제2-24부 : 전기 냉장고, 아이스크림 기기 및 제빙기의 개별 요구사항 유사도 : 44.5% 국가표준 : KSCIEC60335-2-69-가정용 및 이와 유사한 전기기기의 안전성 ― 제2-69부: 파워 브러시가 부착된 공업용 및 상업용 건·습식 전기 진공 청소기의 개별 요구사항 유사도 : 44.4% 국가표준 : KSCIEC60335-2-105-가정용 및 이와 유사한 전기기의 안전성 ― 제2-105부：다기능 샤워 캐비닛에 관한 개별 요구사항 유사도 : 44.2% 국가표준 : KSCIEC60335-2-90-가정용 및 이와 유사한 전기 기기의 안전성-제2-90부 : 상업용 전자레인지의 개별 요구사항 유사도 : 44.1% 국가표준 : KSCIEC60335-2-40-가정용 및 이와 유사한 전기기기의 안전성 — 제2-40부: 히트펌프, 에어컨디셔너 및 제습기의 개별 요구사항 유사도 : 43.3% 3) 건물 부하가 중간 운전 능력과 정격 운전 능력 사이인 경우 [
E.3.2.5	007	국가표준 : KSCIEC60335-2-69-가정용 및 이와 유사한 전기기기의 안전성 ― 제2-69부: 파워 브러시가 부착된 공업용 및 상업용 건·습식 전기 진공 청소기의 개별 요구사항 유사도 : 44.4% 국가표준 : KSCIEC60335-2-105-가정용 및 이와 유사한 전기기의 안전성 ― 제2-105부：다기능 샤워 캐비닛에 관한 개별 요구사항 유사도 : 44.2% 국가표준 : KSCIEC60335-2-90-가정용 및 이와 유사한 전기 기기의 안전성-제2-90부 : 상업용 전자레인지의 개별 요구사항 유사도 : 44.1% 국가표준 : KSCIEC60335-2-40-가정용 및 이와 유사한 전기기기의 안전성 — 제2-40부: 히트펌프, 에어컨디셔너 및 제습기의 개별 요구사항 유사도 : 43.3% 3) 건물 부하가 중간 운전 능력과 정격 운전 능력 사이인 경우 [ ( t j ) ＜ BL h ( t j ) ≦
E.3.2.5	008	KSCIEC60335-2-90-가정용 및 이와 유사한 전기 기기의 안전성-제2-90부 : 상업용 전자레인지의 개별 요구사항 유사도 : 44.1% 국가표준 : KSCIEC60335-2-40-가정용 및 이와 유사한 전기기기의 안전성 — 제2-40부: 히트펌프, 에어컨디셔너 및 제습기의 개별 요구사항 유사도 : 43.3% 3) 건물 부하가 중간 운전 능력과 정격 운전 능력 사이인 경우 [ ( t j ) ＜ BL h ( t j ) ≦ ( t j )] 온도 t j 에서 난방 운전하였을 때의 에어컨의 난방 소비 전력
E.3.2.5	009	j 에서 난방 운전하였을 때의 에어컨의 난방 소비 전력 ( t j )는, 중간 운전시의 난방 능력과 건물 부하가 일치하는 온도( t e )에서의 중간 운전시 난방 소비 전력[ P hm ( t e )]과 정격 운전시의 난방 능력과 건물 부하가 일치하는 온도( t a )에서의 정격 운전시 난방 소비 전력[ P h 2 ( t a )]을 보간하여 식(E.2.38)과 같이 구한다.
E.3.2.5	010	유사도 : 50.3% 국가표준 : KSCIEC60335-2-105-가정용 및 이와 유사한 전기기의 안전성 ― 제2-105부：다기능 샤워 캐비닛에 관한 개별 요구사항 유사도 : 50.1% 국가표준 : KSCIEC60335-2-6-가정용 및 이와 유사한 전기기기의 안전성 ─ 제2-6부: 거치형 조리레인지, 호브, 오븐 및 이와 유사한 기기의 개별 요구사항 유사도 : 49.3% 국가표준 : KSCIEC60335-2-40-가정용 및 이와 유사한 전기기기의 안전성 — 제2-40부: 히트펌프, 에어컨디셔너 및 제습기의 개별 요구사항 유사도 : 49.1% 국가표준 : KSCIEC60335-2-81-가정용 및 이와 유사한 전기기기의 안전성 — 제2-81부: 발 보온기 및 발 보온 매트의 개별 요구사항 유사도 : 48.9% 국가표준 : KSCIEC60335-2-83-가정용 및 이와 유사한 전기기기의 안전성 ― 제2-83부: 지붕 배수장치에 관한 개별 요구사항 유사도 : 48.7% 1) 건물 부하보다 최소 운전 능력이 큰 경우 [ BL h ( t j ) ≦
E.3.2.5	011	국가표준 : KSCIEC60335-2-81-가정용 및 이와 유사한 전기기기의 안전성 — 제2-81부: 발 보온기 및 발 보온 매트의 개별 요구사항 유사도 : 48.9% 국가표준 : KSCIEC60335-2-83-가정용 및 이와 유사한 전기기기의 안전성 ― 제2-83부: 지붕 배수장치에 관한 개별 요구사항 유사도 : 48.7% 1) 건물 부하보다 최소 운전 능력이 큰 경우 [ BL h ( t j ) ≦ ( t j )] 에어컨을 온도 t j 에서 최소 운전으로 난방 운전하였을 때의 난방 능력과 난방 소비 전력은 식(E.2.21)과 식(E.2.28)에 따른다. 2) 건물 부하가 최소 운전 능력과 중간 운전 능력 사이인 경우 [
E.3.2.5	012	h ( t j ) ≦ ( t j )] 에어컨을 온도 t j 에서 최소 운전으로 난방 운전하였을 때의 난방 능력과 난방 소비 전력은 식(E.2.21)과 식(E.2.28)에 따른다. 2) 건물 부하가 최소 운전 능력과 중간 운전 능력 사이인 경우 [ ( t j ) ＜ BL h ( t j ) ≦
E.3.2.5	013	j )] 에어컨을 온도 t j 에서 최소 운전으로 난방 운전하였을 때의 난방 능력과 난방 소비 전력은 식(E.2.21)과 식(E.2.28)에 따른다. 2) 건물 부하가 최소 운전 능력과 중간 운전 능력 사이인 경우 [ ( t j ) ＜ BL h ( t j ) ≦ ( t j )] 온도 t j 에서 난방 운전하였을 때의 에어컨의 난방 소비 전력
E.3.2.5	014	j )] 온도 t j 에서 난방 운전하였을 때의 에어컨의 난방 소비 전력 는, 최소 운전시의 난방 능력과 건물 부하가 일치하는 온도( t d )에서의 최소 운전시 난방 소비 전력[ P h 1 ( t d )]과 중간 운전시의 난방 능력과 건물 부하가 일치하는 온도( t f )에서의 중간 운전시 난방 소비 전력[ P hm ( t f )]을 보간하여 식(E.2.39)와 같이 구한다.
E.3.2.5	015	 국가표준 : KSCIEC60335-2-50-가정용 및 이와 유사한 전기기기의 안전성 ― 제2-50부: 상업용 전기 이중 냄비의 개별 요구사항 유사도 : 44.9% 국가표준 : KSCIEC61340-5-1-정전기학 — 제5-1부: 정전기 현상으로부터 전자 장치 보호 — 일반 요구사항 유사도 : 44.6% 국가표준 : KSCIEC60335-2-24-가정용 및 이와 유사한 전기기기의 안전성-제2-24부 : 전기 냉장고, 아이스크림 기기 및 제빙기의 개별 요구사항 유사도 : 44.5% 국가표준 : KSCIEC60335-2-69-가정용 및 이와 유사한 전기기기의 안전성 ― 제2-69부: 파워 브러시가 부착된 공업용 및 상업용 건·습식 전기 진공 청소기의 개별 요구사항 유사도 : 44.4% 국가표준 : KSCIEC60335-2-105-가정용 및 이와 유사한 전기기의 안전성 ― 제2-105부：다기능 샤워 캐비닛에 관한 개별 요구사항 유사도 : 44.2% 국가표준 : KSCIEC60335-2-90-가정용 및 이와 유사한 전기 기기의 안전성-제2-90부 : 상업용 전자레인지의 개별 요구사항 유사도 : 44.1% 국가표준 : KSCIEC60335-2-40-가정용 및 이와 유사한 전기기기의 안전성 — 제2-40부: 히트펌프, 에어컨디셔너 및 제습기의 개별 요구사항 유사도 : 43.3% 3) 건물 부하가 중간 운전 능력과 정격 운전 능력 사이인 경우 [
E.3.2.5	016	국가표준 : KSCIEC60335-2-69-가정용 및 이와 유사한 전기기기의 안전성 ― 제2-69부: 파워 브러시가 부착된 공업용 및 상업용 건·습식 전기 진공 청소기의 개별 요구사항 유사도 : 44.4% 국가표준 : KSCIEC60335-2-105-가정용 및 이와 유사한 전기기의 안전성 ― 제2-105부：다기능 샤워 캐비닛에 관한 개별 요구사항 유사도 : 44.2% 국가표준 : KSCIEC60335-2-90-가정용 및 이와 유사한 전기 기기의 안전성-제2-90부 : 상업용 전자레인지의 개별 요구사항 유사도 : 44.1% 국가표준 : KSCIEC60335-2-40-가정용 및 이와 유사한 전기기기의 안전성 — 제2-40부: 히트펌프, 에어컨디셔너 및 제습기의 개별 요구사항 유사도 : 43.3% 3) 건물 부하가 중간 운전 능력과 정격 운전 능력 사이인 경우 [ ( t j ) ＜ BL h ( t j ) ≦
E.3.2.5	017	KSCIEC60335-2-90-가정용 및 이와 유사한 전기 기기의 안전성-제2-90부 : 상업용 전자레인지의 개별 요구사항 유사도 : 44.1% 국가표준 : KSCIEC60335-2-40-가정용 및 이와 유사한 전기기기의 안전성 — 제2-40부: 히트펌프, 에어컨디셔너 및 제습기의 개별 요구사항 유사도 : 43.3% 3) 건물 부하가 중간 운전 능력과 정격 운전 능력 사이인 경우 [ ( t j ) ＜ BL h ( t j ) ≦ ( t j )] 온도 t j 에서 난방 운전하였을 때의 에어컨의 난방 소비 전력
E.3.2.5	018	j 에서 난방 운전하였을 때의 에어컨의 난방 소비 전력 ( t j )는, 중간 운전시의 난방 능력과 건물 부하가 일치하는 온도( t f )에서의 중간 운전시 난방 소비 전력[ P hm ( t f )]과 정격 운전시의 난방 능력과 건물 부하가 일치하는 온도( t b )에서의 정격 운전시 난방 소비 전력[ P h 2 ( t b )]을 보간하여 식(E.2.40)과 같이 구한다.
E.3.2.5	019	도 : 45.5% 국가표준 : KSCIEC61340-5-1-정전기학 — 제5-1부: 정전기 현상으로부터 전자 장치 보호 — 일반 요구사항 유사도 : 45.0% 국가표준 : KSCIEC60335-2-24-가정용 및 이와 유사한 전기기기의 안전성-제2-24부 : 전기 냉장고, 아이스크림 기기 및 제빙기의 개별 요구사항 유사도 : 44.3% 국가표준 : KSCIEC60335-2-69-가정용 및 이와 유사한 전기기기의 안전성 ― 제2-69부: 파워 브러시가 부착된 공업용 및 상업용 건·습식 전기 진공 청소기의 개별 요구사항 유사도 : 44.3% 국가표준 : KSCIEC60335-2-50-가정용 및 이와 유사한 전기기기의 안전성 ― 제2-50부: 상업용 전기 이중 냄비의 개별 요구사항 유사도 : 44.1% 국가표준 : KSCIEC60335-2-105-가정용 및 이와 유사한 전기기의 안전성 ― 제2-105부：다기능 샤워 캐비닛에 관한 개별 요구사항 유사도 : 43.8% 국가표준 : KSBISO5982-기계적 진동 및 충격 ㅡ 전신 진동 상태에서 인체의 생체역학적 반응을 특성화하기 위한 이상화 값의 범위 유사도 : 43.3% 국가표준 : KSCIEC60335-2-90-가정용 및 이와 유사한 전기 기기의 안전성-제2-90부 : 상업용 전자레인지의 개별 요구사항 유사도 : 43.0% 4) 건물 부하가 정격 운전 능력과 최대 운전 능력 사이인 경우 [
E.3.2.5	020	국가표준 : KSCIEC60335-2-50-가정용 및 이와 유사한 전기기기의 안전성 ― 제2-50부: 상업용 전기 이중 냄비의 개별 요구사항 유사도 : 44.1% 국가표준 : KSCIEC60335-2-105-가정용 및 이와 유사한 전기기의 안전성 ― 제2-105부：다기능 샤워 캐비닛에 관한 개별 요구사항 유사도 : 43.8% 국가표준 : KSBISO5982-기계적 진동 및 충격 ㅡ 전신 진동 상태에서 인체의 생체역학적 반응을 특성화하기 위한 이상화 값의 범위 유사도 : 43.3% 국가표준 : KSCIEC60335-2-90-가정용 및 이와 유사한 전기 기기의 안전성-제2-90부 : 상업용 전자레인지의 개별 요구사항 유사도 : 43.0% 4) 건물 부하가 정격 운전 능력과 최대 운전 능력 사이인 경우 [ ( t j ) ＜ BL h ( t j ) ≦
E.3.2.5	021	t j ) ＜ BL h ( t j ) ≦ ( t j )] 에어컨을 온도 t j 에서 난방 운전하였을 때의 난방 소비 전력은 식(E.2.36)에 따른다. 5) 건물 부하가 최대 운전 능력보다 큰 경우 [ BL h ( t j ) ＞
